elements,time
1,0.001475
2,0.000001
4,0.000001
8,0.000001
16,0.000002
32,0.000002
64,0.000002
128,0.000002
256,0.000003
512,0.000210
1024,0.000005
2048,0.000006
4096,0.000009
8192,0.000013
16384,0.000023
32768,0.000043
65536,0.000080
131072,0.000081
262144,0.000135
524288,0.000324
1048576,0.000562
