cores,time_ms,iterations,converged
1,31092.484000,5000,no
2,27911.470000,5000,no
4,8792.712000,5000,no
8,5295.117000,5000,no
16,5984.110000,5000,no
